{
	"alternatives" : [ "asd","sdf","dfg" ],
	"Goal" : {
			"matrix" : [ 1.000000,1.000000,0.000000,0.000000 ],
			"a" : {
					"matrix" : [ 1.000000,1.000000,0.000000,0.000000 ],
					"q" : [ 1.000000,1.000000,1.000000,1.000000,1.000000,1.000000,1.000000,1.000000,1.000000 ],
					"w" : [ 1.000000,1.000000,1.000000,1.000000,1.000000,1.000000,1.000000,1.000000,1.000000 ]
				},
			"b" : [ 1.000000,1.000000,1.000000,1.000000,1.000000,1.000000,1.000000,1.000000,1.000000 ]
			}
		}