{
	"alternatives" : [ "qwe","asd","zxc" ],
	"Goal" : {
			"matrix" : [ 1.000000,2.000000,4.000000,0.500000,1.000000,2.000000,0.250000,0.500000,1.000000 ],
			"q" : [ 1.000000,3.000000,2.000000,0.330000,1.000000,0.500000,1.000000,1.000000,1.000000 ],
			"w" : [ 1.000000,4.000000,2.000000,0.250000,1.000000,0.500000,0.500000,2.000000,1.000000 ],
			"e" : {
					"matrix" : [ 1.000000,2.000000,0.500000,1.000000 ],
					"qwer" : [ 1.000000,4.000000,2.000000,1.000000,1.000000,2.000000,3.000000,2.000000,1.000000 ],
					"asdf" : [ 1.000000,1.000000,1.000000,1.000000,1.000000,1.000000,1.000000,1.000000,1.000000 ]
				}
			}
		}