{
	"alternatywy" : [ "asd","dsa" ],
	"Goal" : {
			"matrix" : [ 2.000000,2.000000,2.000000,2.000000 ],
			"q" : [ 2.000000,2.000000,2.000000,2.000000 ],
			"w" : {
					"matrix" : [ 2.000000,2.000000,2.000000,2.000000 ],
					"r" : [ 2.000000,2.000000,2.000000,2.000000 ],
					"t" : [ 2.000000,2.000000,2.000000,2.000000 ]
				}
			}
		}