{
	"alternatives" : [ "a","s","d","f","g" ],
	"Goal" : {
			"matrix" : [ 1.000000,2.000000,4.000000,5.000000,1.000000,6.000000,7.000000,1.000000,1.000000 ],
			"qwe" : {
					"matrix" : [ 1.000000,2.000000,6.000000,1.000000 ],
					"qwer" : [ 1.000000,2.000000,3.000000,4.000000,6.000000,8.000000,1.000000,6.000000,4.000000,3.000000,3.000000,4.000000,1.000000,5.000000,6.000000,7.000000,7.000000,1.000000,1.000000,2.000000,3.000000,4.000000,5.000000,9.000000,1.000000 ],
					"asdf" : [ 1.000000,234.000000,4.000000,4.000000,5.000000,66.000000,1.000000,7.000000,8.000000,8.000000,9.000000,7.000000,1.000000,55.000000,5.000000,6.000000,7.000000,7.000000,1.000000,6.000000,5.000000,6.000000,7.000000,6.000000,1.000000 ]
				},
			"asd" : [ 1.000000,66.000000,456.000000,456.000000,45.000000,67.000000,1.000000,43.000000,67.000000,567.000000,3567.000000,35356.000000,1.000000,73.000000,67.000000,367.000000,36.000000,7.000000,1.000000,367.000000,67.000000,777.000000,6.000000,6.000000,1.000000 ],
			"zxc" : [ 1.000000,67.000000,4567.000000,456.000000,7.000000,7.000000,1.000000,75.000000,56.000000,6.000000,8.000000,8.000000,1.000000,6.000000,5.000000,4.000000,4.000000,6.000000,1.000000,6.000000,6.000000,6.000000,6.000000,5.000000,1.000000 ]
			}
		}