{
	"alternatywy" : [ "asd","sdf","dfg" ],
	"Goal" : {
			"macierz_wag" : [ [ 1.000000,1.000000 ],[ 1.000000,1.000000 ] ],
			"a" : {
					"macierz_wag" : [ [ 1.000000,1.000000 ],[ 1.000000,1.000000 ] ],
					"q" : {
							"macierz" : [ [ 1.000000,1.000000,1.000000 ],[ 1.000000,1.000000,1.000000 ],[ 1.000000,1.000000,1.000000 ] ]
					},
					"w" : {
							"macierz" : [ [ 1.000000,1.000000,1.000000 ],[ 1.000000,1.000000,1.000000 ],[ 1.000000,1.000000,1.000000 ] ]
					}
				},
			"b" : {
					"macierz" : [ [ 1.000000,1.000000,1.000000 ],[ 1.000000,1.000000,1.000000 ],[ 1.000000,1.000000,1.000000 ] ]
				}
			}
		}