{
	"alternatywy" : [ "a","b","c" ],
	"Goal" : {
			"matrix" : [ 1.000000,1.000000,1.000000,1.000000,1.000000,1.000000,1.000000,1.000000,1.000000 ],
			"q" : {
					"matrix" : [ 2.000000,2.000000,2.000000,2.000000,2.000000,2.000000,2.000000,2.000000,2.000000,2.000000,2.000000,2.000000,2.000000,2.000000,2.000000,2.000000 ],
					"z" : [ 2.000000,2.000000,2.000000,2.000000,2.000000,2.000000,2.000000,2.000000,2.000000 ],
					"x" : [ 3.000000,4.000000,4.000000,3.000000,4.000000,4.000000,3.000000,4.000000,3.000000 ],
					"c" : [ 3.000000,2.000000,3.000000,45.000000,6.000000,7.000000,8.000000,6.000000,5.000000 ],
					"v" : [ 5.000000,6.000000,5.000000,4.000000,3.000000,4.000000,5.000000,6.000000,5.000000 ]
				},
			"w" : [ 3.000000,4.000000,5.000000,6.000000,4.000000,3.000000,2.000000,3.000000,4.000000 ],
			"e" : [ 6.000000,7.000000,8.000000,7.000000,5.000000,5.000000,4.000000,3.000000,4.000000 ]
			}
		}