{"alternatives":["Prague","Barcelona","Split"],"Holidays":{"matrix":[1,0.6,0.72,1.6666666666666667,1,1.2,1.3888888888888888,0.8333333333333334,1],"Weather":{"matrix":[1,2,0.5,1],"Rain unlikeliness":[1,0.4,0.4,2.5,1,1,2.5,1,1],"Temperature":[1,0.5,0.55,2,1,1.1,1.8181818181818181,0.9090909090909091,1]},"Sightseeing":{"matrix":[1,0.8,0.48,1.25,1,0.6,2.0833333333333335,1.6666666666666667,1],"Museums":[1,1,2,1,1,2,0.5,0.5,1],"Monuments":[1,1,1.5,1,1,1.5,0.6666666666666666,0.6666666666666666,1],"Landscape":[1,1,1,1,1,1,1,1,1]},"Relax":{"matrix":[1,3,0.3333333333333333,1],"Sea/Beach":[1,0.1,0.09,10,1,0.9,11.11111111111111,1.1111111111111112,1],"Quiteness":[1,2,1,0.5,1,0.5,1,2,1]}}}